protein,human,mouse,zebrafish,c.elegans,drosophila,ciliate,yeast,methanocaldococcus,thermococcus,e.coli,tuberculosis
H2A,87.70996538863749,86.38721614328027,81.32148162095989,65.0,67.35951856302958,55.99139982823808,62.15552282425432,3.4122890349810886,2.5228787452803374,-0.2304489213782739,0.36653154442041347
H2B,87.59859945921846,87.75448733218585,82.04383156952464,65.18508681872493,59.54975089168064,50.34008379993015,59.26760624017703,-0.25527250510330607,-0.07918124604762482,-0.20411998265592482,-0.3424226808222063
H3,95.65955588515988,95.81247927916354,94.75202673363819,93.35066514128786,95.02733440773389,85.07520400420209,86.48017200622428,1.4685210829577449,1.2441251443275085,0.045757490560675115,-0.6627578316815741
H4,66.96257350205937,67.11918640771921,67.94692155651659,67.21112488422459,67.09582563171584,44.707743928643524,51.96657624451305,4.0851281824599495,4.480172006224281,-0.11394335230683678,1.1611509092627446
KDM6A,100.0,100.0,100.0,100.0,100.0,20.47755576649368,21.59176003468815,3.552841968657781,-0.43136376415898736,3.213958789757446,0.638272163982407
